id,name,model_id:id,group_id:id,perm_read,perm_write,perm_create,perm_unlink
access_library_manager_loan,access_library_manager_loan,model_library_loan,library_system.library_managers_group,1,1,1,1
access_library_user_loan,access_library_user_loan,model_library_loan,library_system.library_users_group,1,0,0,0
access_library_manager_loan_line,access_library_manager_loan_line,model_library_loan_line,library_system.library_managers_group,1,1,1,1
access_library_user_loan_line,access_library_user_loan_line,model_library_loan_line,library_system.library_users_group,1,0,0,0
access_library_manager_tags,access_library_manager_tags,model_lib_tags,library_system.library_managers_group,1,1,1,1
access_library_user_tags,access_library_user_tags,model_lib_tags,library_system.library_users_group,1,0,0,0
access_library_manager_author,access_library_manager_author,model_author,library_system.library_managers_group,1,1,1,1
access_library_user_author,access_library_user_author,model_author,library_system.library_users_group,1,0,0,0

